match_id,game_creation_utc,queue_id,game_mode,duration_s,duration_min,remake,win,champion,position,kill,death,assist,kda_ratio,cs_lane,cs_jungle,cs_total,cs_per_min,gold,dmg_to_champs,dmg_taken,vision_score,wards_placed,control_wards,level,largest_multikill,first_blood,turret_kills,game_version
NA1_5569362246,2026-05-27T14:28:47Z,480,SWIFTPLAY,983,16.4,False,False,Vladimir,Invalid,0,0,0,,0,0,0,0.0,10299,0,0,0,0,0,3,0,False,0,16.10.776.5552
NA1_5569366540,2026-05-27T14:55:23Z,480,SWIFTPLAY,1218,20.3,False,False,Vladimir,Invalid,0,2,1,0.5,44,0,44,2.17,12563,879,18352,1,2,0,15,0,False,0,16.10.776.5552
NA1_5569371605,2026-05-27T15:18:17Z,480,SWIFTPLAY,79,1.3,True,True,Vladimir,TOP,0,0,0,,1,0,1,0.76,1450,279,300,0,0,0,3,0,False,0,16.10.776.5552
NA1_5569375385,2026-05-27T15:24:45Z,480,SWIFTPLAY,1354,22.6,False,False,Vladimir,TOP,1,6,3,0.67,97,0,97,4.3,14514,3985,26237,3,2,0,18,1,False,0,16.10.776.5552
NA1_5570689326,2026-05-29T14:29:27Z,400,CLASSIC,1725,28.8,False,False,Vladimir,TOP,2,6,3,0.83,130,0,130,4.52,8252,7153,21030,4,2,0,15,1,False,0,16.11.781.1789
NA1_5570698319,2026-05-29T15:04:30Z,400,CLASSIC,1833,30.6,False,True,Vladimir,TOP,1,2,3,2.0,141,0,141,4.62,7785,4075,18112,0,0,0,16,1,False,0,16.11.781.1789
NA1_5574122736,2026-06-03T13:30:12Z,400,CLASSIC,1673,27.9,False,True,Vladimir,TOP,1,2,1,1.0,142,0,142,5.09,7268,4878,15115,11,7,0,16,1,False,1,16.11.782.9736
NA1_5574127328,2026-06-03T14:10:19Z,400,CLASSIC,2235,37.2,False,False,Vladimir,TOP,2,8,6,1.0,148,0,148,3.97,9236,8754,33374,8,3,0,17,2,False,1,16.11.782.9736
NA1_5574136669,2026-06-03T14:57:39Z,400,CLASSIC,2322,38.7,False,True,Yorick,TOP,3,4,1,1.0,279,0,279,7.21,15508,17413,30111,6,3,0,19,1,True,7,16.11.782.9736
NA1_5574751155,2026-06-04T13:23:22Z,400,CLASSIC,1042,17.4,False,True,Yorick,TOP,1,1,2,3.0,101,0,101,5.82,7065,7065,10580,1,1,0,12,1,False,3,16.11.782.9736
NA1_5574756846,2026-06-04T13:46:24Z,400,CLASSIC,1640,27.3,False,True,Nasus,TOP,0,5,1,0.2,131,4,135,4.94,7810,3616,23230,4,2,0,15,0,False,2,16.11.782.9736
NA1_5574762034,2026-06-04T14:18:47Z,400,CLASSIC,77,1.3,True,False,Yorick,TOP,0,0,0,,2,0,2,1.56,566,0,22,0,0,0,1,0,False,0,16.11.782.9736
NA1_5574763790,2026-06-04T14:24:38Z,400,CLASSIC,1583,26.4,False,False,Viktor,MIDDLE,2,7,3,0.71,99,0,99,3.75,6933,12506,19086,0,0,0,13,1,False,0,16.11.782.9736
NA1_5574765720,2026-06-04T14:55:20Z,400,CLASSIC,2895,48.2,False,False,Viktor,MIDDLE,2,9,2,0.44,184,6,190,3.94,12501,13427,25245,12,7,0,17,1,False,0,16.11.782.9736
NA1_5578145777,2026-06-09T15:18:24Z,400,CLASSIC,1528,25.5,False,True,Nasus,TOP,5,2,2,3.5,128,0,128,5.03,9602,14838,25358,0,0,0,16,1,False,4,16.11.782.9736
NA1_5578155969,2026-06-09T16:04:03Z,440,CLASSIC,1552,25.9,False,False,Gangplank,Invalid,0,3,9,3.0,35,0,35,1.35,4980,4392,9173,0,0,0,12,0,False,0,16.11.782.9736
NA1_5578180863,2026-06-09T17:28:43Z,420,CLASSIC,1944,32.4,False,False,Gangplank,TOP,0,12,7,0.58,128,0,128,3.95,8383,7950,30839,7,3,0,15,0,False,0,16.11.782.9736
NA1_5578192999,2026-06-09T18:07:44Z,420,CLASSIC,2924,48.7,False,False,Nasus,TOP,6,7,8,2.0,241,0,241,4.95,16678,17613,59992,5,3,0,20,1,False,3,16.11.782.9736
NA1_5578768576,2026-06-10T15:31:28Z,400,CLASSIC,2613,43.5,False,True,Nasus,TOP,7,3,11,6.0,220,12,232,5.33,14552,17086,42366,1,0,0,20,2,False,2,16.12.785.1316
NA1_5578841211,2026-06-10T18:57:33Z,420,CLASSIC,2554,42.6,False,False,Nasus,TOP,7,8,9,2.0,193,0,193,4.53,14387,24144,45904,5,1,0,20,2,False,2,16.12.785.1316
NA1_5579438421,2026-06-11T12:43:41Z,400,CLASSIC,961,16.0,False,False,Swain,MIDDLE,0,6,0,0.0,54,0,54,3.37,3228,2999,14128,0,0,0,9,0,False,0,16.12.785.1316
NA1_5579447050,2026-06-11T13:28:12Z,1750,CHERRY,1595,26.6,False,False,Draven,Invalid,2,6,7,1.5,0,0,0,0.0,7376,11265,12981,0,0,0,13,1,False,0,16.12.785.1316
NA1_5579452822,2026-06-11T13:57:17Z,400,CLASSIC,3371,56.2,False,False,Nasus,TOP,4,12,10,1.17,242,0,242,4.31,17984,26707,81926,12,8,0,20,1,False,2,16.12.785.1316
NA1_5580123344,2026-06-12T12:49:14Z,400,CLASSIC,1620,27.0,False,False,Nasus,TOP,0,5,2,0.4,106,0,106,3.93,6338,7051,26845,7,3,0,15,0,False,0,16.12.786.9679
NA1_5580181511,2026-06-12T16:52:19Z,420,CLASSIC,2146,35.8,False,False,Nasus,TOP,6,5,9,3.0,145,0,145,4.05,10593,21833,41735,11,5,0,18,1,False,0,16.12.786.9679
NA1_5580198318,2026-06-12T17:35:46Z,420,CLASSIC,2202,36.7,False,False,Nasus,TOP,8,6,6,2.33,163,0,163,4.44,12187,19857,48090,2,1,0,19,2,False,0,16.12.786.9679
NA1_5580218046,2026-06-12T18:23:31Z,440,CLASSIC,1886,31.4,False,False,Vladimir,TOP,4,5,6,2.0,149,0,149,4.74,9466,8946,23026,12,5,0,16,1,False,0,16.12.786.9679
NA1_5580233666,2026-06-12T19:04:57Z,400,CLASSIC,1800,30.0,False,False,Singed,TOP,5,4,2,1.75,272,0,272,9.07,11342,15238,27970,11,4,0,17,1,False,0,16.12.786.9679
NA1_5580253271,2026-06-12T19:45:14Z,400,CLASSIC,1712,28.5,False,True,Singed,TOP,2,3,4,2.0,248,0,248,8.69,12122,14580,20204,7,4,0,17,1,False,4,16.12.786.9679
NA1_5580387380,2026-06-12T23:43:42Z,400,CLASSIC,1225,20.4,False,True,Singed,TOP,1,0,1,,200,0,200,9.8,7759,9614,14376,5,3,0,14,1,False,2,16.12.786.9679
NA1_5580410780,2026-06-13T00:14:10Z,400,CLASSIC,1286,21.4,False,True,Singed,TOP,0,1,6,6.0,161,0,161,7.51,7231,8278,16690,7,3,0,13,0,False,0,16.12.786.9679
NA1_5581103546,2026-06-13T23:12:11Z,400,CLASSIC,928,15.5,False,True,Singed,TOP,4,0,5,,137,0,137,8.86,7519,9730,8422,8,5,0,12,1,False,1,16.12.786.9679
NA1_5581570655,2026-06-14T14:44:56Z,400,CLASSIC,80,1.3,True,False,Brand,UTILITY,0,0,0,,0,0,0,0.0,536,0,0,0,0,0,1,0,False,0,16.12.786.9679
NA1_5581574296,2026-06-14T14:54:25Z,400,CLASSIC,1772,29.5,False,True,Singed,TOP,3,2,6,4.5,187,0,187,6.33,10747,13774,25503,8,4,0,17,1,False,2,16.12.786.9679
NA1_5581759278,2026-06-14T20:57:53Z,400,CLASSIC,244,4.1,False,True,Singed,TOP,2,0,0,,27,0,27,6.64,1946,1353,1731,0,0,0,4,1,False,0,16.12.786.9679
NA1_5581770715,2026-06-14T21:17:41Z,400,CLASSIC,1627,27.1,False,True,Singed,TOP,8,4,5,3.25,192,0,192,7.08,11399,21593,23732,12,6,0,16,1,False,3,16.12.786.9679
NA1_5581841244,2026-06-14T22:55:25Z,400,CLASSIC,1893,31.6,False,True,Singed,TOP,3,6,10,2.17,227,4,231,7.32,12391,20269,25995,14,7,0,18,2,False,3,16.12.786.9679
NA1_5581870352,2026-06-14T23:35:28Z,400,CLASSIC,1824,30.4,False,True,Singed,TOP,11,3,7,6.0,230,2,232,7.63,13408,41131,30524,15,6,0,17,3,False,3,16.12.786.9679
NA1_5582319115,2026-06-15T15:54:18Z,400,CLASSIC,783,13.1,False,True,Singed,TOP,1,2,1,1.0,97,0,97,7.43,4636,3339,7396,2,1,0,10,1,False,0,16.12.786.9679
NA1_5582326406,2026-06-15T16:28:05Z,400,CLASSIC,1409,23.5,False,True,Singed,TOP,4,5,3,1.4,158,0,158,6.73,8862,12218,18174,18,7,0,15,1,False,1,16.12.786.9679
NA1_5582935320,2026-06-16T12:49:33Z,400,CLASSIC,1696,28.3,False,False,Aatrox,TOP,0,15,2,0.13,106,0,106,3.75,6679,7080,33797,6,2,0,13,0,False,1,16.12.786.9679
NA1_5582942072,2026-06-16T13:38:47Z,420,CLASSIC,914,15.2,False,True,Singed,TOP,1,1,0,1.0,93,0,93,6.11,4324,2496,7695,6,4,0,9,1,False,1,16.12.786.9679
NA1_5582946427,2026-06-16T14:10:04Z,440,CLASSIC,1829,30.5,False,False,Singed,TOP,0,7,1,0.14,284,0,284,9.32,10349,8534,24653,17,8,0,17,0,False,1,16.12.786.9679
NA1_5582955584,2026-06-16T14:53:45Z,440,CLASSIC,2408,40.1,False,False,Singed,TOP,1,12,1,0.17,259,0,259,6.45,12103,10718,34270,13,7,0,18,1,False,0,16.12.786.9679
NA1_5582968754,2026-06-16T15:37:51Z,440,CLASSIC,1740,29.0,False,False,Singed,TOP,2,9,4,0.67,206,0,206,7.1,10356,9432,28050,11,5,0,15,1,False,1,16.12.786.9679
NA1_5582986577,2026-06-16T16:54:41Z,420,CLASSIC,935,15.6,False,False,Anivia,MIDDLE,2,7,2,0.57,69,0,69,4.43,4664,4916,15680,2,1,0,10,1,False,0,16.12.786.9679
NA1_5582995512,2026-06-16T17:17:11Z,420,CLASSIC,2397,40.0,False,False,Singed,TOP,3,7,7,1.43,308,0,308,7.71,15247,18899,38126,17,8,0,20,2,False,1,16.12.786.9679
NA1_5583013541,2026-06-16T18:10:25Z,420,CLASSIC,2842,47.4,False,False,Draven,BOTTOM,3,23,12,0.65,107,0,107,2.26,13766,9714,53666,1,1,0,18,1,False,1,16.12.786.9679
NA1_5583574514,2026-06-17T13:07:51Z,420,CLASSIC,1644,27.4,False,True,Nasus,TOP,4,0,7,,189,0,189,6.9,10397,8808,15703,8,4,0,17,1,False,1,16.12.788.4269
NA1_5583594539,2026-06-17T15:01:40Z,420,CLASSIC,1916,31.9,False,False,Nasus,TOP,9,4,1,2.5,179,0,179,5.61,12425,20055,35678,11,6,0,17,1,False,1,16.12.788.4269
NA1_5583609355,2026-06-17T16:00:54Z,420,CLASSIC,1488,24.8,False,False,Singed,TOP,1,7,0,0.14,157,0,157,6.33,7559,5806,19089,11,5,0,14,1,False,1,16.12.788.4269
NA1_5583621973,2026-06-17T16:37:54Z,420,CLASSIC,2153,35.9,False,True,Nasus,TOP,5,8,6,1.38,138,0,138,3.85,11604,17725,48215,13,4,0,18,2,False,1,16.12.788.4269
NA1_5584207194,2026-06-18T12:54:34Z,420,CLASSIC,1811,30.2,False,False,Nasus,TOP,7,6,2,1.5,147,0,147,4.87,11336,22794,44477,1,1,0,16,1,False,0,16.12.788.4269
NA1_5584217393,2026-06-18T13:33:58Z,420,CLASSIC,2203,36.7,False,True,Nasus,TOP,1,10,1,0.2,159,0,159,4.33,11531,7377,40659,9,3,0,19,1,False,3,16.12.788.4269
NA1_5584228013,2026-06-18T14:25:44Z,420,CLASSIC,2526,42.1,False,True,Nasus,TOP,4,7,5,1.29,240,0,240,5.7,16501,9062,39529,32,11,0,20,1,False,7,16.12.788.4269
NA1_5584491297,2026-06-19T00:33:07Z,420,CLASSIC,1542,25.7,False,False,Nasus,TOP,3,5,1,0.8,113,0,113,4.4,7540,8004,30420,9,3,0,14,1,False,1,16.12.788.4269
NA1_5584890628,2026-06-19T15:28:32Z,420,CLASSIC,2766,46.1,False,False,Nasus,TOP,3,9,8,1.22,189,4,193,4.19,14625,18975,52163,22,9,0,20,1,False,2,16.12.788.4269
NA1_5584908282,2026-06-19T16:25:23Z,420,CLASSIC,1758,29.3,False,False,Nasus,TOP,4,2,5,4.5,194,0,194,6.62,11034,15066,27820,17,7,0,17,1,True,1,16.12.788.4269
NA1_5584925998,2026-06-19T17:13:25Z,420,CLASSIC,1993,33.2,False,True,Yorick,TOP,2,6,2,0.67,254,0,254,7.65,13905,19190,28085,10,6,0,19,1,False,5,16.12.788.4269
NA1_5584940291,2026-06-19T17:53:05Z,420,CLASSIC,108,1.8,True,False,Nasus,TOP,0,0,0,,0,0,0,0.0,589,0,0,0,0,0,1,0,False,0,16.12.788.4269
NA1_5584950245,2026-06-19T18:15:39Z,420,CLASSIC,1456,24.3,False,False,Yorick,TOP,0,7,1,0.14,144,0,144,5.93,6620,8822,21603,5,3,0,13,0,False,1,16.12.788.4269
NA1_5584979050,2026-06-19T19:22:09Z,420,CLASSIC,2460,41.0,False,False,Vayne,TOP,5,11,2,0.64,167,0,167,4.07,12373,10006,31497,15,6,0,17,1,False,0,16.12.788.4269
NA1_5585005860,2026-06-19T20:17:48Z,420,CLASSIC,2506,41.8,False,False,Vayne,BOTTOM,9,9,4,1.44,174,0,174,4.17,14612,33289,36589,11,5,0,16,3,False,0,16.12.788.4269
NA1_5585042205,2026-06-19T21:30:50Z,420,CLASSIC,78,1.3,True,False,Vayne,BOTTOM,0,0,0,,0,0,0,0.0,527,0,0,0,0,0,1,0,False,0,16.12.788.4269
NA1_5585043622,2026-06-19T21:37:19Z,420,CLASSIC,2441,40.7,False,False,Vayne,BOTTOM,6,8,6,1.5,159,0,159,3.91,12724,25464,31386,9,3,0,16,2,False,1,16.12.788.4269
NA1_5585079858,2026-06-19T22:35:19Z,420,CLASSIC,1591,26.5,False,False,Vayne,BOTTOM,4,7,5,1.29,105,0,105,3.96,8680,7211,18928,1,1,0,12,1,True,0,16.12.788.4269
NA1_5585224635,2026-06-20T02:12:02Z,420,CLASSIC,1627,27.1,False,True,Vayne,UTILITY,6,3,7,4.33,132,0,132,4.87,10603,11444,11418,4,2,0,12,2,False,1,16.12.788.4269
NA1_5585529474,2026-06-20T12:53:04Z,420,CLASSIC,1874,31.2,False,False,Vayne,BOTTOM,3,9,5,0.89,90,0,90,2.88,9254,6871,21119,8,5,0,13,1,False,0,16.12.788.4269
NA1_5585562736,2026-06-20T15:14:34Z,420,CLASSIC,2088,34.8,False,False,Vayne,BOTTOM,2,11,7,0.82,89,0,89,2.56,9756,16679,29284,19,8,0,14,1,False,1,16.12.788.4269
NA1_5585599214,2026-06-20T17:04:44Z,420,CLASSIC,83,1.4,True,False,Nasus,TOP,0,0,0,,0,0,0,0.0,537,0,0,0,0,0,1,0,False,0,16.12.788.4269
NA1_5585605971,2026-06-20T17:21:03Z,420,CLASSIC,2812,46.9,False,False,Nasus,TOP,4,8,12,2.0,214,0,214,4.57,14403,30796,75801,22,9,0,20,1,False,3,16.12.788.4269
NA1_5586266716,2026-06-21T15:54:21Z,420,CLASSIC,2277,38.0,False,True,Nasus,TOP,9,3,8,5.67,214,4,218,5.74,16297,31155,51215,27,9,0,20,1,False,2,16.12.788.4269
NA1_5586465932,2026-06-21T22:22:46Z,420,CLASSIC,1796,29.9,False,False,Nasus,TOP,0,7,2,0.29,136,0,136,4.54,7493,13556,35751,8,4,0,15,0,False,0,16.12.788.4269
NA1_5586495062,2026-06-21T23:06:18Z,420,CLASSIC,1003,16.7,False,False,Nasus,TOP,1,2,1,1.0,101,0,101,6.04,5177,5834,16830,2,1,0,13,1,False,0,16.12.788.4269
NA1_5586511725,2026-06-21T23:35:20Z,400,CLASSIC,2037,34.0,False,True,Soraka,UTILITY,1,5,29,6.0,16,0,16,0.47,11273,6182,21776,37,15,0,16,1,False,1,16.12.788.4269
NA1_5586546038,2026-06-22T00:16:25Z,420,CLASSIC,1531,25.5,False,False,Soraka,UTILITY,0,7,10,1.43,9,0,9,0.35,5655,3559,17345,15,7,0,10,0,False,0,16.12.788.4269
NA1_5586923577,2026-06-22T13:26:28Z,420,CLASSIC,1759,29.3,False,False,Soraka,UTILITY,1,6,5,1.0,8,0,8,0.27,7085,2185,15018,26,8,0,10,1,False,0,16.12.788.4269
NA1_5586973949,2026-06-22T16:56:02Z,420,CLASSIC,369,6.2,False,True,Soraka,UTILITY,0,0,1,,3,0,3,0.49,1696,786,1156,0,0,0,4,0,False,0,16.12.788.4269
NA1_5586980193,2026-06-22T17:18:28Z,400,CLASSIC,2170,36.2,False,True,Sona,UTILITY,1,4,23,6.0,35,4,39,1.08,11434,10486,23339,29,8,0,15,1,False,0,16.12.788.4269
NA1_5586994548,2026-06-22T18:05:18Z,400,CLASSIC,1747,29.1,False,False,Sona,UTILITY,1,4,8,2.25,20,0,20,0.69,7227,2574,16154,34,15,0,11,1,False,0,16.12.788.4269
NA1_5587009567,2026-06-22T18:46:58Z,400,CLASSIC,1577,26.3,False,True,Sona,UTILITY,3,2,8,5.5,17,0,17,0.65,7429,4734,12000,19,8,0,11,1,False,0,16.12.788.4269
NA1_5587026430,2026-06-22T19:24:16Z,420,CLASSIC,2126,35.4,False,True,Sona,UTILITY,0,4,15,3.75,35,0,35,0.99,9308,5310,28372,34,13,0,15,0,False,1,16.12.788.4269
NA1_5587227061,2026-06-23T01:01:07Z,420,CLASSIC,1272,21.2,False,False,Sona,UTILITY,2,2,9,5.5,16,0,16,0.75,5971,5345,13388,18,7,0,11,1,False,0,16.12.788.4269
NA1_5587252222,2026-06-23T01:32:50Z,420,CLASSIC,1447,24.1,False,True,Sona,UTILITY,0,2,12,6.0,11,0,11,0.46,6258,4080,10850,30,9,0,11,0,False,1,16.12.788.4269
NA1_5587552132,2026-06-23T12:13:21Z,420,CLASSIC,2407,40.1,False,True,Sona,UTILITY,1,9,30,3.44,20,4,24,0.6,10800,7177,32710,19,6,0,18,1,False,1,16.12.788.4269
NA1_5587558867,2026-06-23T12:58:10Z,420,CLASSIC,2227,37.1,False,True,Sona,UTILITY,0,2,23,11.5,17,4,21,0.57,9514,2163,29051,18,8,0,15,0,False,0,16.12.788.4269
NA1_5587567802,2026-06-23T13:48:48Z,480,SWIFTPLAY,1187,19.8,False,True,Swain,MIDDLE,1,5,8,1.8,40,0,40,2.02,12885,6191,13453,8,2,0,15,1,False,0,16.12.788.4269
NA1_5587590604,2026-06-23T15:52:02Z,420,CLASSIC,2193,36.5,False,True,Sona,UTILITY,1,6,18,3.17,20,0,20,0.55,10235,1936,22567,61,22,0,16,1,False,0,16.12.788.4269
NA1_5587602536,2026-06-23T16:37:03Z,420,CLASSIC,1544,25.7,False,False,Sona,UTILITY,0,7,6,0.86,15,0,15,0.58,5923,4699,18110,34,13,0,11,0,False,0,16.12.788.4269
NA1_5587616350,2026-06-23T17:17:20Z,420,CLASSIC,1271,21.2,False,True,Ezreal,BOTTOM,1,3,3,1.33,76,0,76,3.59,5655,6226,12813,12,7,0,10,1,False,0,16.12.788.4269
NA1_5587627759,2026-06-23T17:46:14Z,420,CLASSIC,1413,23.6,False,False,Sona,UTILITY,0,5,6,1.2,27,0,27,1.15,5685,2033,12827,28,10,0,10,0,False,0,16.12.788.4269
NA1_5587638460,2026-06-23T18:25:36Z,420,CLASSIC,2399,40.0,False,True,Sona,UTILITY,0,7,15,2.14,20,0,20,0.5,10686,6102,27091,81,25,0,15,0,False,0,16.12.788.4269
NA1_5588105185,2026-06-24T12:41:08Z,420,CLASSIC,1655,27.6,False,False,Sona,UTILITY,1,7,6,1.0,16,0,16,0.58,6390,3661,19335,32,13,0,12,1,False,0,16.13.789.3741
NA1_5588111823,2026-06-24T13:16:31Z,420,CLASSIC,72,1.2,True,True,Sona,UTILITY,0,0,0,,0,0,0,0.0,517,0,0,0,0,0,1,0,False,0,16.13.789.3741
NA1_5588110392,2026-06-24T13:25:39Z,420,CLASSIC,2826,47.1,False,False,Brand,UTILITY,7,12,13,1.67,23,4,27,0.57,13645,40597,49378,67,23,0,17,1,False,0,16.13.789.3741
NA1_5588119452,2026-06-24T14:23:38Z,420,CLASSIC,3090,51.5,False,False,Brand,UTILITY,4,11,14,1.64,37,0,37,0.72,14423,31397,41282,69,23,0,18,1,True,0,16.13.789.3741
NA1_5588140961,2026-06-24T15:39:11Z,420,CLASSIC,927,15.4,False,False,Soraka,UTILITY,0,3,2,0.67,11,0,11,0.71,3401,1666,5985,5,3,0,8,0,False,0,16.13.789.3741
NA1_5588234758,2026-06-24T19:36:16Z,420,CLASSIC,1379,23.0,False,False,Soraka,UTILITY,0,8,6,0.75,8,0,8,0.35,5571,3524,15137,2,3,0,10,0,False,0,16.13.790.6961
NA1_5588302379,2026-06-24T21:33:52Z,420,CLASSIC,2521,42.0,False,True,Annie,MIDDLE,11,11,11,2.0,145,0,145,3.45,14429,42956,34200,25,11,0,18,1,False,0,16.13.790.6961
NA1_5588432024,2026-06-25T00:32:59Z,420,CLASSIC,2338,39.0,False,True,Annie,MIDDLE,7,6,13,3.33,117,0,117,3.0,11275,26822,22074,22,13,0,17,1,False,2,16.13.790.6961
NA1_5588473776,2026-06-25T01:19:49Z,420,CLASSIC,1744,29.1,False,False,Cassiopeia,MIDDLE,1,8,5,0.75,105,2,107,3.68,7234,9459,22243,8,6,0,14,1,False,1,16.13.790.6961
NA1_5588505096,2026-06-25T01:54:19Z,420,CLASSIC,1418,23.6,False,False,Cassiopeia,MIDDLE,5,10,2,0.7,95,0,95,4.02,7152,10071,25889,3,1,0,13,1,True,0,16.13.790.6961
NA1_5588822353,2026-06-25T12:45:55Z,420,CLASSIC,2068,34.5,False,True,Cassiopeia,MIDDLE,5,12,10,1.25,107,0,107,3.1,10314,10506,34307,15,9,0,16,2,False,0,16.13.790.6961
NA1_5588828699,2026-06-25T13:28:59Z,420,CLASSIC,1252,20.9,False,True,Annie,MIDDLE,9,2,6,7.5,91,4,95,4.55,9352,15012,9388,6,3,0,13,1,False,4,16.13.790.6961
NA1_5588836028,2026-06-25T14:03:32Z,420,CLASSIC,1248,20.8,False,True,Annie,MIDDLE,7,6,7,2.33,124,0,124,5.96,9202,16013,12580,9,4,0,13,1,False,1,16.13.790.6961
NA1_5588843280,2026-06-25T14:35:36Z,420,CLASSIC,2001,33.4,False,True,Annie,MIDDLE,14,5,4,3.6,187,0,187,5.61,14459,30392,19330,27,13,0,17,2,False,2,16.13.790.6961
NA1_5588908138,2026-06-25T18:09:15Z,420,CLASSIC,1863,31.1,False,True,Annie,MIDDLE,22,6,15,6.17,132,0,132,4.25,14984,45806,22456,15,8,0,17,3,False,1,16.13.790.6961
NA1_5589065841,2026-06-25T23:24:13Z,420,CLASSIC,96,1.6,True,False,Annie,MIDDLE,0,0,0,,4,0,4,2.5,639,244,394,0,0,0,2,0,False,0,16.13.790.6961
NA1_5589072918,2026-06-25T23:34:34Z,420,CLASSIC,2233,37.2,False,False,Annie,MIDDLE,8,10,14,2.2,175,0,175,4.7,13639,34237,28327,29,12,0,17,2,False,1,16.13.790.6961
NA1_5589180659,2026-06-26T01:57:19Z,420,CLASSIC,2202,36.7,False,False,Annie,MIDDLE,13,12,12,2.08,127,0,127,3.46,13930,43648,30594,12,7,0,16,2,False,0,16.13.790.6961
NA1_5589477091,2026-06-26T12:19:34Z,420,CLASSIC,996,16.6,False,True,Annie,MIDDLE,4,2,1,2.5,120,0,120,7.23,6593,6768,6628,1,2,0,11,3,False,0,16.13.790.6961
NA1_5589479389,2026-06-26T12:43:19Z,420,CLASSIC,1362,22.7,False,False,Annie,MIDDLE,4,5,3,1.4,118,0,118,5.2,7120,13458,16252,1,1,0,12,1,True,0,16.13.790.6961
NA1_5589482605,2026-06-26T13:15:08Z,420,CLASSIC,1547,25.8,False,False,Annie,MIDDLE,5,5,3,1.6,90,0,90,3.49,7609,13026,17844,2,1,0,13,1,False,0,16.13.790.6961
NA1_5589491743,2026-06-26T13:47:29Z,420,CLASSIC,2374,39.6,False,False,Annie,MIDDLE,13,5,11,4.8,191,4,195,4.93,15797,44525,26805,25,11,0,18,1,False,1,16.13.790.6961
NA1_5589502280,2026-06-26T14:47:26Z,420,CLASSIC,1989,33.1,False,True,Annie,MIDDLE,12,8,13,3.12,130,1,131,3.95,12898,35470,22949,20,8,0,16,2,False,1,16.13.790.6961
NA1_5589517230,2026-06-26T15:44:52Z,420,CLASSIC,1269,21.1,False,True,Annie,MIDDLE,5,6,3,1.33,88,0,88,4.16,7135,11700,11780,6,4,0,12,2,False,1,16.13.790.6961
NA1_5589541573,2026-06-26T17:06:52Z,420,CLASSIC,1716,28.6,False,False,Annie,MIDDLE,5,11,2,0.64,106,0,106,3.71,9392,18827,21586,17,8,0,14,1,False,0,16.13.790.6961
NA1_5589564606,2026-06-26T18:12:37Z,400,CLASSIC,1816,30.3,False,False,Locke,MIDDLE,5,14,3,0.57,101,0,101,3.34,9103,16149,30817,12,6,0,13,2,False,0,16.13.790.6961
NA1_5589583593,2026-06-26T18:54:37Z,400,CLASSIC,1719,28.6,False,False,Annie,MIDDLE,15,7,4,2.71,124,0,124,4.33,13423,36941,17276,18,8,0,15,1,False,0,16.13.790.6961
NA1_5589752806,2026-06-27T00:07:53Z,420,CLASSIC,1773,29.6,False,False,Annie,MIDDLE,8,9,7,1.67,131,0,131,4.43,10789,21809,18738,8,4,0,15,2,False,1,16.13.791.5903
NA1_5590280286,2026-06-27T18:48:34Z,440,CLASSIC,2481,41.4,False,False,Nasus,TOP,1,8,4,0.62,196,0,196,4.74,12266,17122,61136,26,11,0,18,1,False,2,16.13.791.5903
NA1_5590575009,2026-06-28T02:25:59Z,420,CLASSIC,2129,35.5,False,False,Brand,MIDDLE,17,15,3,1.33,136,0,136,3.83,16875,51713,45293,3,2,0,17,3,False,1,16.13.791.5903
NA1_5591089023,2026-06-28T21:35:30Z,420,CLASSIC,1800,30.0,False,True,Brand,UTILITY,6,14,3,0.64,52,4,56,1.87,9813,15388,29196,23,6,0,14,1,True,1,16.13.791.5903
NA1_5591185221,2026-06-28T23:51:25Z,420,CLASSIC,1675,27.9,False,False,Locke,MIDDLE,7,10,3,1.0,81,0,81,2.9,9317,13552,25322,12,7,0,12,2,True,0,16.13.791.5903
NA1_5591214168,2026-06-29T00:26:53Z,420,CLASSIC,2219,37.0,False,False,Viktor,MIDDLE,5,8,12,2.12,156,0,156,4.22,11887,22901,25950,12,6,0,16,1,False,1,16.13.791.5903
NA1_5591619925,2026-06-29T15:53:25Z,420,CLASSIC,2452,40.9,False,False,Brand,MIDDLE,11,16,10,1.31,147,0,147,3.6,13318,33642,47107,26,9,0,18,2,True,0,16.13.791.5903
NA1_5591633360,2026-06-29T16:46:44Z,420,CLASSIC,3165,52.8,False,False,Ekko,MIDDLE,13,13,9,1.69,163,4,167,3.17,18064,37547,62811,25,10,0,18,2,False,2,16.13.791.5903
NA1_5591659937,2026-06-29T18:04:49Z,420,CLASSIC,1272,21.2,False,True,Ekko,MIDDLE,8,4,3,2.75,95,0,95,4.48,9257,17295,16337,4,2,0,12,1,False,1,16.13.791.5903
NA1_5591670052,2026-06-29T18:32:23Z,420,CLASSIC,2333,38.9,False,False,Ekko,MIDDLE,1,14,8,0.64,127,0,127,3.27,9580,13420,37524,10,7,0,16,1,False,0,16.13.791.5903
NA1_5591712236,2026-06-29T20:13:09Z,420,CLASSIC,1915,31.9,False,True,Pyke,UTILITY,7,8,5,1.5,21,0,21,0.66,10397,8768,21351,17,6,0,14,1,True,0,16.13.791.5903
NA1_5591807515,2026-06-29T23:10:27Z,420,CLASSIC,2569,42.8,False,False,Ekko,MIDDLE,17,7,8,3.57,266,0,266,6.21,19836,40350,40912,23,10,0,18,2,True,4,16.13.791.5903
NA1_5591923996,2026-06-30T01:39:05Z,420,CLASSIC,1073,17.9,False,True,Ekko,MIDDLE,10,0,1,,91,0,91,5.09,7734,15557,14179,4,3,0,12,1,True,0,16.13.791.5903
NA1_5591948259,2026-06-30T02:08:08Z,420,CLASSIC,2789,46.5,False,False,Leona,UTILITY,2,10,15,1.7,25,0,25,0.54,12413,17447,54525,46,15,0,18,1,False,0,16.13.791.5903
NA1_5592238662,2026-06-30T13:43:14Z,420,CLASSIC,1761,29.4,False,True,Leona,UTILITY,2,3,18,6.67,11,0,11,0.37,8662,9153,20374,28,8,0,13,1,False,1,16.13.791.5903
NA1_5592272015,2026-06-30T16:08:22Z,420,CLASSIC,2417,40.3,False,True,Xayah,BOTTOM,23,7,7,4.29,210,0,210,5.21,20477,42649,35998,15,6,0,18,2,False,2,16.13.791.5903
NA1_5592287233,2026-06-30T17:03:46Z,420,CLASSIC,73,1.2,True,False,Xayah,BOTTOM,0,0,0,,0,0,0,0.0,517,0,0,0,0,0,1,0,False,0,16.13.791.5903
NA1_5592294542,2026-06-30T17:30:34Z,420,CLASSIC,1281,21.4,False,False,Xayah,BOTTOM,5,8,1,0.75,86,0,86,4.03,7074,11544,16601,8,4,0,10,2,False,0,16.13.791.5903
NA1_5592604888,2026-07-01T02:21:18Z,420,CLASSIC,2193,36.5,False,False,Ryze,MIDDLE,1,9,9,1.11,151,0,151,4.13,10492,16354,41585,19,8,0,17,1,False,0,16.13.791.5903
NA1_5592953063,2026-07-01T17:54:42Z,420,CLASSIC,2291,38.2,False,True,Vladimir,MIDDLE,2,6,6,1.33,212,0,212,5.55,12493,6438,30233,19,7,0,18,1,False,4,16.13.791.5903
NA1_5593012969,2026-07-01T20:10:53Z,420,CLASSIC,1306,21.8,False,False,Vladimir,MIDDLE,5,7,2,1.0,107,0,107,4.92,7785,10998,25726,0,0,0,12,2,False,0,16.13.791.5903
NA1_5593121406,2026-07-01T23:24:46Z,420,CLASSIC,2290,38.2,False,True,Syndra,MIDDLE,10,6,12,3.67,239,0,239,6.26,17192,27704,25991,6,2,0,18,1,False,0,16.13.791.5903
NA1_5593184326,2026-07-02T00:48:45Z,420,CLASSIC,1341,22.4,False,False,Syndra,MIDDLE,0,4,0,0.0,22,0,22,0.98,3855,1192,5375,1,1,0,5,0,False,0,16.13.791.5903
NA1_5593542577,2026-07-02T13:54:37Z,420,CLASSIC,1725,28.8,False,True,Syndra,MIDDLE,1,8,3,0.5,105,0,105,3.65,8032,9863,15868,13,6,0,12,1,True,0,16.13.791.5903
NA1_5593552323,2026-07-02T14:42:36Z,420,CLASSIC,2109,35.1,False,False,Nasus,TOP,13,5,3,3.2,201,1,202,5.75,15433,34765,59975,23,8,0,20,3,False,2,16.13.791.5903
NA1_5594238041,2026-07-03T14:59:46Z,420,CLASSIC,1623,27.1,False,False,Nasus,TOP,8,3,3,3.67,134,0,134,4.95,10073,22582,41095,6,3,0,17,1,False,1,16.13.791.5903
NA1_5594363412,2026-07-03T20:02:31Z,420,CLASSIC,1560,26.0,False,False,Irelia,TOP,6,5,0,1.2,235,0,235,9.04,12414,15461,23512,9,4,0,17,1,False,3,16.13.791.5903
NA1_5594471030,2026-07-03T23:08:58Z,420,CLASSIC,79,1.3,True,True,Irelia,TOP,0,0,0,,2,0,2,1.52,569,170,302,0,0,0,1,0,False,0,16.13.791.5903
NA1_5594476411,2026-07-03T23:20:49Z,420,CLASSIC,2777,46.3,False,True,Yorick,TOP,4,9,14,2.0,321,4,325,7.02,18990,37851,55888,24,9,0,20,2,False,2,16.13.791.5903
NA1_5594532165,2026-07-04T00:51:14Z,420,CLASSIC,552,9.2,False,False,Irelia,TOP,0,5,0,0.0,41,0,41,4.46,2280,3301,6349,2,1,0,6,0,False,0,16.13.791.5903
NA1_5596891161,2026-07-07T12:44:10Z,420,CLASSIC,195,3.2,False,False,Nasus,Invalid,0,1,0,0.0,0,0,0,0.0,767,342,760,0,0,0,1,0,False,0,16.13.791.5903
NA1_5596892674,2026-07-07T13:06:34Z,420,CLASSIC,1096,18.3,False,True,Nasus,TOP,1,2,0,0.5,104,0,104,5.69,5500,3455,15319,4,3,0,12,1,False,0,16.13.791.5903
